,All Shooting Guards Career Avg.,Ray Allen Career Avg.
Points/Game,6.8709689140959895,19.2956712164006
Assists/Game,1.672764309489054,3.4998847588950937
Rebounds/Game,1.9877377539612924,4.1634495594579795
Steals/Game,0.6216324117943393,1.1486383036018344
Blocks/Game,0.16274450934512752,0.1850871623391619
